time_fs,pop_1,pop_2,pop_3,coh_1_2_re,coh_1_2_im,coh_1_3_re,coh_1_3_im
0.0,1.0,0.0,0.0,0.11464037869507271,0.035462424799360744,0.05970024991668155,0.005990004998809689
5.0,0.9928825924309503,0.004270444541429796,0.0028469630276198644,0.1061540497097859,0.05220834349687058,0.05688480154796581,0.01688199318188194
10.0,0.9858158423524046,0.008510494588557238,0.005673663059038159,0.09530860950985007,0.06720476564965495,0.05213137777676636,0.02694110079167099
15.0,0.9787993892143566,0.012720366471386035,0.008480244314257358,0.08243595231532913,0.08013392839268542,0.04564968183599367,0.035831992609766675
20.0,0.9718328750329811,0.01690027498021134,0.01126684998680756,0.06790824047921394,0.09073761601420773,0.037705567687230296,0.04326777309744293
25.0,0.96491594437237,0.02105043337657797,0.01403362225105198,0.052127661483966144,0.09882180257724328,0.02861045958606656,0.04901900797451722
30.0,0.9580482443263975,0.025171053404161526,0.016780702269441016,0.035515738581527456,0.10425959271112711,0.018709402098702553,0.052920527412939455
35.0,0.951229424500714,0.02926234529957159,0.019508230199714396,0.018502469274112303,0.10699243653213747,0.00836819078402587,0.054875820424721666
40.0,0.9444591369948698,0.0333245178030781,0.022216345202052068,0.001515562323391426,0.10702963757055468,-0.0020399438187739564,0.05485891889305689
45.0,0.9377370363845645,0.03735777816926129,0.024905185446174195,-0.015029966060324586,0.10444621382885755,-0.012147620940204796,0.05291376018176966
50.0,0.9310627797040227,0.04136233217758636,0.027574888118390907,-0.03074159233011862,0.0993792107097501,-0.021606096714419435,0.049151106144904436
55.0,0.924436026428497,0.04533838414290181,0.030225589428601207,-0.04525825916000324,0.09202259966239558,-0.030097115086826404,0.04374318055553261
60.0,0.9178564384568926,0.049286136925864456,0.03285742461724297,-0.058258326099576055,0.082620927240009,-0.037343426438590996,0.036916263623750965
65.0,0.9113236800945185,0.053205791943288915,0.03547052796219261,-0.06946633154378255,0.07146190520701866,-0.043117633413394585,0.0289415488494521
70.0,0.9048374180359595,0.05709754917842429,0.038065032785616196,-0.07865843399873482,0.05886815288235128,-0.04724908972448951,0.020124621836653634
75.0,0.898397321348071,0.06096160719115737,0.04064107146077159,-0.08566643666768772,0.04518831770610904,-0.04962865219642337,0.01079396123914121
80.0,0.8920030614530944,0.06479816312814336,0.04319877541876225,-0.0903803367582312,0.030787808869631044,-0.05021116615765515,0.0012888875907015485
85.0,0.8856543121118926,0.06860741273286443,0.04573827515524296,-0.09274937867013396,0.016039381704534728,-0.04901564662165308,-0.008052604173358126
90.0,0.879350749407306,0.07238955035561642,0.048259700237077624,-0.09278162742818558,0.0013138074838420501,-0.046123199526793814,-0.016905698185519236
95.0,0.8730920517276249,0.07614476896342504,0.050763179308950024,-0.0905421144808184,-0.013029145411690682,-0.04167280578329001,-0.02496988728481207
100.0,0.8668778997501816,0.07987326014989105,0.053248840099927364,-0.08614964145889893,-0.02664920699410952,-0.03585516331320635,-0.031979003457442784
105.0,0.8607079764250578,0.08357521414496531,0.05571680942997688,-0.07977235792488925,-0.03923338464697302,-0.02890484625348989,-0.03770982060478561
110.0,0.8545819669589086,0.08725081982465481,0.058167213216436545,-0.07162225588123158,-0.05050285537216167,-0.021091093958207113,-0.0419889585746427
115.0,0.848499558798902,0.09090026472065878,0.06060017648043919,-0.06194874629800688,-0.06021882759202403,-0.01270758373632568,-0.044697883069936335
120.0,0.8424604416167714,0.09452373502993718,0.06301582335329146,-0.05103150073282522,-0.06818725806246156,-0.004061569210824501,-0.04577586750441543
125.0,0.8364643072929833,0.09812141562421003,0.0654142770828067,-0.03917275394631568,-0.07426234069756713,0.004537219905521827,-0.045220857468470176
130.0,0.8305108499010163,0.10169349005939021,0.06779566003959347,-0.02668927109081578,-0.07834871650768961,0.012787521133110885,-0.043088253508365884
135.0,0.8245997656917529,0.10524014058494828,0.07016009372329886,-0.013904185525318594,-0.08040238658470002,0.020406944370318647,-0.03948770076118911
140.0,0.8187307530779818,0.1087615481532109,0.07250769876880728,-0.0011389106722691077,-0.08043034232034936,0.027141484882876026,-0.034578042113181634
145.0,0.8129035126190108,0.11225789242859349,0.07483859495239567,0.011294678210026096,-0.07848895804007237,0.03277382930470541,-0.028560652669488415
150.0,0.8071177470053893,0.11572935179676641,0.07715290119784429,0.02310160858906147,-0.07468122025212148,0.037130189169309595,-0.02167142544385615
155.0,0.8013731610437388,0.11917610337375673,0.07945073558250448,0.03401055408285896,-0.06915289409604777,0.040085454091677346,-0.014171719662924232
160.0,0.7956694616416928,0.1225983230149843,0.08173221534332287,0.043779809196406665,-0.06208775075369215,0.04156652036390066,-0.006338612706672502
165.0,0.7900063577929426,0.12599618532423443,0.08399745688282297,0.052202370788392106,-0.05370199908297303,0.04155371804304811,0.0015451863066102424
170.0,0.7843835605623898,0.12936986366256611,0.08624657577504409,0.059110027058910324,-0.04423808017637138,0.040080328150050436,0.009201399255189913
175.0,0.7788007830714049,0.13271953015715707,0.08847968677143805,0.06437638193443941,-0.03395799466841278,0.03723024892690296,0.016365864821944992
180.0,0.7732577404831906,0.1360453557100856,0.09069690380672375,0.06791877081430836,-0.02313633926906956,0.033133933875988196,0.02279751514362123
185.0,0.7677541499882493,0.1393475100070504,0.09289834000470028,0.06969905201744693,-0.012053231145925,0.02796278236570079,0.02828634330208999
190.0,0.7622897307899537,0.1426261615260278,0.09508410768401854,0.0697232862268526,-0.0009872964915796536,0.021922214015257284,0.03266010372965027
195.0,0.7568642040902204,0.14588147754586778,0.09725431836391185,0.06804034309935808,0.009791106925061622,0.015243699263441213,0.035789537814800244
200.0,0.751477293075286,0.1491136241548284,0.09940908276988561,0.0647394993629398,0.020026273934536425,0.008176049235917965,0.03759197340813222
205.0,0.7461287229015829,0.15232276625905022,0.10154851083936683,0.05994711559562859,0.029482997692688785,0.0009762874043799954,0.038033207420569676
210.0,0.7408182206817179,0.15550906759096927,0.10367271172731285,0.05382249897357337,0.037951749047644735,-0.006099566854102671,0.037127643061730775
215.0,0.7355455154705479,0.15867269071767123,0.10578179381178084,0.04655307617743384,0.04525308155102157,-0.012805476846734668,0.034936715251641784
220.0,0.7303103382513573,0.16181379704918564,0.10787586469945709,0.03834901403227298,0.05124117611100458,-0.018913818878247942,0.03156569718330161
225.0,0.7251124219221319,0.16493254684672087,0.10995503123114725,0.029437435097881545,0.05580646276484238,-0.024222979959898902,0.02715903588273208
230.0,0.7199515012819313,0.16802909923084122,0.11201939948722749,0.02005638119347868,0.05887728139712157,-0.028563874106230496,0.0218944130786943
235.0,0.7148273130173587,0.17110361218958478,0.11406907479305653,0.010448679700982944,0.06042056782746306,-0.031805171897996656,0.015975768193085813
240.0,0.7097395956891255,0.1741562425865247,0.11610416172434981,0.0008558655090512968,0.060441575928014746,-0.03385708773864192,0.00962555154645114
245.0,0.7046880897187134,0.17718714616877193,0.11812476411251463,-0.008487694207426871,0.05898266972425329,-0.03467362335671456,0.003076497043770322
250.0,0.6996725373751304,0.18019647757492177,0.12013098504994786,-0.01736033428819273,0.05612124123862346,-0.034253222608575676,-0.003436785858301356
255.0,0.6946926827617604,0.18318439034294373,0.12212292689529583,-0.025558159118177555,0.05196682966361986,-0.0326378494761154,-0.009686101336970782
260.0,0.6897482718033084,0.18615103691801493,0.12410069127867662,-0.03289953250626822,0.04665753486951759,-0.0299105563271751,-0.015457548737653159
265.0,0.6848390522328366,0.18909656866029803,0.12606437910686538,-0.039228896292173306,0.040355832903604026,-0.026191661108976826,-0.020558728331692033
270.0,0.6799647735788938,0.1920211358526637,0.12801409056844246,-0.04441984312783683,0.03324391274178704,-0.021633698441395226,-0.02482503282234892
275.0,0.6751251871527363,0.19492488770835822,0.1299499251389055,-0.0483773892340733,0.025518661911683792,-0.01641534905637579,-0.02812482350653474
280.0,0.6703200460356393,0.1978079723786164,0.13187198158574429,-0.051039414040537176,0.01738643360559184,-0.010734583454082748,-0.030363333630403066
285.0,0.6655491050662995,0.2006705369602203,0.1337803579734802,-0.052377254939984574,0.009057729514350405,-0.00480127808771828,-0.03148518968445714
290.0,0.6608121208283264,0.20351272750300414,0.13567515166866945,-0.05239546639806856,0.0007419308949550115,0.0011704247441337273,-0.031475492372848766
295.0,0.6561088516378231,0.20633468901730614,0.1375564593448708,-0.05113077285221931,-0.007357794528256032,0.006969739068264175,-0.030359450908370507
300.0,0.6514390575310556,0.20913656548136664,0.13942437698757779,-0.04865026373631119,-0.015049290126709578,0.01239657189868193,-0.028200615283667584
305.0,0.6468025002522094,0.21191849984867434,0.14127899989911624,-0.045048896155474215,-0.022155803297846707,0.01726832273539484,-0.025097799477672
310.0,0.6421989432412342,0.2146806340552595,0.14312042270350633,-0.040446385835208286,-0.028519877641796625,0.02142591866119824,-0.021180832534971997
315.0,0.6376281516217733,0.21742310902693598,0.14494873935129068,-0.03498357967014554,-0.034006663227276884,0.024738889665037764,-0.016605312653812664
320.0,0.6330898921891813,0.2201460646864912,0.14676404312432748,-0.028818413257078658,-0.03850658031789173,0.027109326856155726,-0.011546570619827293
325.0,0.6285839333986252,0.22284963996082488,0.14856642664054995,-0.022121564042435402,-0.0419372895746305,0.028474608964286215,-0.0061930721842645515
330.0,0.6241100453532709,0.22553397278803747,0.15035598185869167,-0.015071915048161359,-0.044244940047940835,0.028808828342170262,-0.0007395036641109884
335.0,0.6196679997925535,0.2281992001244679,0.1521328000829786,-0.007851945537905315,-0.04540468475705366,0.028122894918830646,0.004620209190308755
340.0,0.6152575700805322,0.23084545795168068,0.15389697196778715,-0.0006431634959782952,-0.0454204718675889,0.02646334350385308,0.009699702163896299
345.0,0.6108785311943259,0.23347288128340446,0.15564858752226965,0.006378309467447964,-0.044324136982735476,0.023909914869889314,0.014326558245089042
350.0,0.6065306597126334,0.23608160417241994,0.15738773611494664,0.013045897017773218,-0.04217383845002585,0.020572022602051442,0.018348062625481998
355.0,0.6022137338043341,0.23867175971739954,0.1591145064782664,0.0192063762301155,-0.03905189248532153,0.0165842544138294,0.021636138567390665
360.0,0.5979275332171694,0.24124348006969834,0.16082898671313225,0.024723251631252878,-0.03506207800531081,0.01210108730561592,0.024091308615403616
365.0,0.5936718392665064,0.24379689644009617,0.16253126429339748,0.029479624795973516,-0.030326492070198913,0.007291019638024237,0.025645563311097755
370.0,0.5894464348241792,0.24633213910549245,0.1642214260703283,0.033380503472535704,-0.024982045558429075,0.002330339228272379,0.026264060567881848
375.0,0.5852511043074123,0.2488493374155526,0.16589955827703506,0.03635450950767088,-0.019176694976295542,-0.0026032454414311105,0.025945621661214644
380.0,0.5810856336678201,0.25134861979930795,0.16756574653287198,0.03835496070333166,-0.01306551006216328,-0.00733688399287464,0.0247220328440266
385.0,0.5769498103804866,0.253830113771708,0.16922007584780535,0.03936031776101376,-0.006806678056852172,-0.011708554139268813,0.022656203388788387
390.0,0.5728434234331229,0.2562939459401263,0.17086263062675086,0.039374003258237665,-0.0005575442205896511,-0.015572519795443489,0.019839269944840938
395.0,0.5687662633152997,0.2587402420108202,0.17249349467388014,0.03842361477583308,0.005529215515097989,-0.018804096674239455,0.01638677216761266
400.0,0.5647181220077593,0.26116912679534443,0.1741127511968963,0.036559568499961864,0.011309199807124403,-0.02130357304851938,0.012434054480668675
405.0,0.5606987929718017,0.26358072421691897,0.17572048281127933,0.033853222538945425,0.01664958308817433,-0.022999166406913202,0.008131072634334704
410.0,0.5567080711387471,0.26597515731675175,0.17731677154450118,0.03039454054212087,0.021432040449095746,-0.02384893324694017,0.0036368007231830715
415.0,0.5527457528994733,0.268352548260316,0.1789016988402107,0.026289365752604578,0.025555235228556898,-0.023841587871557633,-0.0008865559290942361
420.0,0.5488116360940264,0.27071301834358413,0.18047534556238945,0.02165638318515436,0.0289368207428754,-0.022996225380370265,-0.005279334298236072
425.0,0.5449055200013083,0.273056687999215,0.18203779199947667,0.016623853065200943,0.03151492084845774,-0.02136098267671669,-0.009389970924917406
430.0,0.541027205328834,0.2753836768026996,0.18358911786846643,0.011326201921852968,0.033249067779504884,-0.019010707903836115,-0.013080152297966132
435.0,0.5371764942025647,0.27769410347846113,0.18512940231897412,0.005900558778199661,0.034120589594167375,-0.016043742035657182,-0.01622938622972751
440.0,0.5333531901568119,0.27998808590591284,0.18665872393727523,0.00048332276296261095,0.03413245324925788,-0.012577945281391915,-0.018738846236526257
445.0,0.529557098124213,0.28226574112547215,0.1881771607503148,-0.004793154732994261,0.03330858247768423,-0.008746124597092052,-0.020534369747853356
450.0,0.5257880244257798,0.28452718534453214,0.1896847902296881,-0.009803695376655158,0.03169268195701983,-0.004691036217225595,-0.021568523335186475
455.0,0.522045776761016,0.28677253394339036,0.1911816892955936,-0.014433155619192707,0.029346610454336522,-0.0005601482378858997,-0.021821682859168162
460.0,0.5183301641981067,0.28900190148113597,0.19266793432075732,-0.01857896221187306,0.02634835546902549,0.0034996473475580997,-0.021302112210586446
465.0,0.5146409971641764,0.2912154017014941,0.19414360113432944,-0.022153268642553254,0.02278967016938221,0.0073471861449880375,-0.0200450598849591
470.0,0.5109780874356169,0.29341314753862985,0.19560876502575325,-0.025084690391031315,0.01877343997173176,0.01085186828060305,-0.01811092673688121
475.0,0.507341248128484,0.2955952511229096,0.1970635007486064,-0.027319588395904256,0.014410850830917012,0.013898017612446325,-0.015582589741648167
480.0,0.5037302936889633,0.297761823786622,0.1985078825244147,-0.028822882045348636,0.009818434134162377,0.016388620477963144,-0.012561994398939217
485.0,0.5001450398839019,0.29991297606965883,0.19994198404643926,-0.029578385045629717,0.005115064000998221,0.018248326173617647,-0.009166151649691267
490.0,0.4965853037914095,0.3020488177251543,0.2013658784834362,-0.029588669386037936,0.00041898182165848487,0.01942561990625321,-0.005522693126260767
495.0,0.49305090379152566,0.30416945772508464,0.20277963848338976,-0.028874474021910602,-0.004155079908115705,0.019894110010276325,-0.0017651507027517937
500.0,0.4895416595569531,0.30627500426582815,0.2041833361772188,-0.02747368557235185,-0.00849860685790534,0.019652903642951063,0.001971867642542465
505.0,0.48605739204385734,0.3083655647736856,0.20557704318245706,-0.02543992803544197,-0.012511783629933305,0.018726077782434642,0.0055574337756964
510.0,0.48259792348273184,0.31044124591036093,0.2069608306069073,-0.02284080705086003,-0.016105691741766504,0.01716128400887635,0.008868821464444142
515.0,0.47916307736932817,0.3125021535784031,0.20833476905226875,-0.01975586141243338,-0.01920417899345815,0.015027555156070977,0.011795640706319955
520.0,0.4757526784556506,0.31454839292660963,0.20969892861773975,-0.01627428021378097,-0.02174536372206075,0.012412408483952564,0.014243447501741757
525.0,0.4723665527410147,0.31658006835539115,0.21105337890359413,-0.012492448101918501,-0.023682747410680913,0.009418362673694546,0.016136713694510897
530.0,0.4690045274631699,0.31859728352209804,0.21239818901473206,-0.008511383561058173,-0.02498591945221904,0.006159003976971369,0.017421066535435716
535.0,0.465666431089485,0.320600141346309,0.213733427564206,-0.004434135938273056,-0.02564084830635768,0.002754749726739985,0.018064735284024226
540.0,0.4623520933081963,0.32258874401508214,0.21505916267672145,-0.0003632060815928596,-0.025649763573771057,-0.0006715352006624543,0.018059171418316963
545.0,0.4590613450197186,0.3245631929881688,0.21637546199211255,0.003601946944041519,-0.025030643396505046,-0.003998911632063923,0.017418838810387735
550.0,0.4557940183280172,0.32652358900318973,0.21768239266879316,0.007367254463783512,-0.023816330847357226,-0.00711257553228631,0.016180199485904594
555.0,0.4525499465320418,0.32847003208077497,0.2189800213871833,0.010846188715245324,-0.022053311385159684,-0.009907759239830815,0.01439994830329643
560.0,0.44932896411722156,0.33040262152966704,0.2202684143531114,0.013961668231126354,-0.019800190844848704,-0.012293194124304482,0.012152575121006898
565.0,0.44613090674702044,0.3323214559517877,0.2215476373011918,0.01664767835227553,-0.017125919648965936,-0.014194022570561354,0.009527354937539574
570.0,0.4429556112545522,0.3342266332472687,0.22281775549817914,0.018850575232683846,-0.014107813851668356,-0.015554069017608538,0.006624884390912173
575.0,0.43980291563425605,0.3361182506194464,0.2240788337462976,0.020530050335685144,-0.01082942717332922,-0.016337404297419998,0.0035532963505955795
580.0,0.4366726590336306,0.3379964045798216,0.22533093638654778,0.021659741378066834,-0.00737833030537837,-0.01652916380875769,0.00042429275693155107
585.0,0.43356468174502766,0.33986119095298345,0.22657412730198898,0.022227484727628335,-0.0038438544493769877,-0.01613560716071845,-0.0026508608274621666
590.0,0.43047882519750297,0.34171270488149824,0.22780846992099885,0.02223521317591937,-0.0003148553251876732,-0.015183433859485418,-0.005565237296669801
595.0,0.4274149319487267,0.343551040830764,0.22903402722050933,0.021698511576958044,0.0031224482018623345,-0.013718395446139797,-0.008219911800513931
600.0,0.42437284567695,0.34537629259383,0.23025086172922002,0.02064585086471251,0.006386510076489764,-0.0118032683394148,-0.010527263695274933
605.0,0.4213524111730297,0.3471885532961822,0.23145903553078814,0.019117528256104008,0.009402321293765952,-0.00951527270031449,-0.012413808514589487
610.0,0.4183534743325094,0.3489879154004943,0.23265861026699622,0.0171643478542352,0.012103061633207677,-0.006943040236239437,-0.01382247072812902
615.0,0.415375882147757,0.35077447071134576,0.2338496471408972,0.014846081256585935,0.014431504445737204,-0.004183247457980132,-0.014714229676480759
620.0,0.4124194827001579,0.35254831037990525,0.23503220691993684,0.012229752041800815,0.016341147066791743,-0.0013370401036999124,-0.015069094593277332
625.0,0.4094841251523642,0.3543095249085815,0.23620634993905432,0.00938779108351321,0.017797046916764227,0.0014936209770402753,-0.014886389181281132
630.0,0.4065696597405991,0.35605820415564055,0.23737213610376037,0.006396111478789487,0.018776351114950695,0.004209562288465534,-0.014184350911843429
635.0,0.40367593776701544,0.35779443733979077,0.23852962489319385,0.0033321524720212807,0.019268515277415695,0.006717822989294973,-0.01299907419524032
640.0,0.40080281159210923,0.35951831304473447,0.23967887536315635,0.00027294112302388596,0.019275214898438548,0.008934786502137063,-0.011382848995785845
645.0,0.3979501346271872,0.3612299192236877,0.24081994614912514,-0.0027067813393091174,0.018809960143538397,0.010788914790722285,-0.009401966586012705
650.0,0.3951177613268873,0.36292934320386766,0.24195289546924512,-0.005536324441840848,0.017897431836157437,0.012222997910517768,-0.007134081291919259
655.0,0.39230554718175337,0.36461667169094797,0.24307778112729866,-0.008150664535916266,0.01657256274306618,0.013195850400075917,-0.004665230738214024
660.0,0.3895133487108618,0.36629199077348296,0.2441946605156553,-0.0104918766491421,0.014879393818460929,0.013683407031370625,-0.0020866268554665893
665.0,0.38674102345450123,0.36795538592729926,0.2453035906181995,-0.012510352264156055,0.012869739739229778,0.013679192597118282,0.0005086644969928902
670.0,0.38398842996690413,0.36960694201985755,0.24640462801323837,-0.014165779248769281,0.010601701764461761,0.013194162976036402,0.003029036112829442
675.0,0.38125542780903016,0.3712467433145819,0.24749782887638797,-0.015427866652960035,0.008138068617769388,0.012255936881079246,0.005387527938796393
680.0,0.37854187754140095,0.37287487347515946,0.24858324898343964,-0.01627680381950045,0.00554464768530103,0.010907458690466098,0.007504782124724697
685.0,0.3758476407169855,0.3744914155698087,0.2496609437132058,-0.016703450054990403,0.002888569336593215,0.009205151874387255,0.009311665865775143
690.0,0.37317257987413693,0.3760964520755178,0.2507309680503452,-0.01670925780839182,0.00023660662748237356,0.007216639131046867,0.010751477128879704
695.0,0.370516558529579,0.3776900648822526,0.2517933765881684,-0.016305938743615186,-0.0023464489225032996,0.00501811890577737,0.011781664885518116
700.0,0.36787944117144233,0.3792723352971346,0.25284822353142306,-0.01551488812105019,-0.004799317304478618,0.0026914980764363326,0.01237501404381839
705.0,0.36526109325235095,0.3808433440485894,0.2538955626990596,-0.014366388384187332,-0.007065630954463356,0.0003213869676070848,0.012520265186695136
710.0,0.3626613811825573,0.3824031712904656,0.2549354475269771,-0.012898617662903265,-0.009095175994046254,-0.002007934637036138,0.012222159749756609
715.0,0.3600801723231266,0.383951896606124,0.2559679310707494,-0.011156492955474941,-0.010844947895886548,-0.004215473183481595,0.011500921677881963
720.0,0.35751733497916927,0.3854895990124984,0.2569930660083323,-0.009190380959354387,-0.01228000096349784,-0.006226296547388039,0.010391206168010628
725.0,0.354972738393122,0.3870163569641268,0.25801090464275117,-0.007054711831394814,-0.013374076641743842,-0.007974035146610166,0.00894056416821867
730.0,0.3524462527380765,0.3885322483571541,0.2590214989047694,-0.004806532540288488,-0.014110001509694273,-0.009403027060398894,0.007207487257675851
735.0,0.3499377491111553,0.39003735053330685,0.2600249003555379,-0.0025040369197886765,-0.01447985170225214,-0.010470039564845567,0.005259110864008394
740.0,0.3474470995269354,0.39153174028383875,0.26102116018922583,-0.00020510905629886876,-0.014484886315323024,-0.011145515871157946,0.003168664072875226
745.0,0.34497417691091803,0.3930154938534492,0.2620103292356328,0.0020340847138107104,-0.014135257931520248,-0.011414313670922849,0.0010127612538209296
750.0,0.34251885509304564,0.39448868694417266,0.26299245796278176,0.004160422105141103,-0.013449513629235037,-0.011275920692566326,-0.0011313658051501925
755.0,0.34008100880126413,0.3959513947192415,0.26396759647949436,0.006125039322215088,-0.012453904589479713,-0.010744151184667103,-0.0031885966393275906
760.0,0.337660513655132,0.39740369180692076,0.2649357945379472,0.007884407063577107,-0.011181526589298165,-0.009846345404339393,-0.005088516653134425
765.0,0.3352572461594738,0.3988456523043157,0.2658971015362105,0.009401245654886266,-0.00967131718181983,-0.008622111176116196,-0.006767789205040748
770.0,0.33287108369807955,0.4002773497811523,0.2668515665207682,0.010645261444167196,-0.007966938143949208,-0.0071216618272581175,-0.008172226727218372
775.0,0.33050190452744904,0.40169885728353055,0.26779923818902035,0.011593691470292877,-0.006115573775742274,-0.005403817801778002,-0.0092584946816862
780.0,0.32814958777058006,0.403110247337652,0.268740164891768,0.012231648474195672,-0.00416667683360617,-0.0035337496001227437,-0.009995396517600669
785.0,0.32581401341080124,0.40451159195351927,0.26967439463567955,0.012552263432342423,-0.002170694265923345,-0.001580547078992615,-0.010364703663925091
790.0,0.3234950622856487,0.40590296262861075,0.2706019750857405,0.01255662782714737,-0.0001778045079441282,0.00038529561852571444,-0.010361511376943031
795.0,0.3211926160807867,0.40728443035152795,0.2715229535676853,0.012253542708103369,0.0017633030846221994,0.0022943892281233826,-0.009994118352733918
800.0,0.31890655732397044,0.40865606560561774,0.2724373770704118,0.011659086127572708,0.0036065779765789684,0.004080864541902669,-0.009283444803251802
805.0,0.3166367693790533,0.410017938372568,0.2733452922483787,0.010796014654217333,0.005309661223529072,0.005684610755695804,-0.00826201959745854
810.0,0.3143831364400353,0.4113701181359788,0.27424674542398586,0.009693018285731615,0.006834818236049199,0.00705326218060903,-0.006972581546446308
815.0,0.3121455435251554,0.41271267388490673,0.2751417825899378,0.008383851126393805,0.008149732088343338,0.008143869003883903,-0.0054663524859930035
820.0,0.3099238764710244,0.41404567411738535,0.2760304494115903,0.006906362605666284,0.009228141883011257,0.008924200305239018,-0.003801050081275887
825.0,0.30771802192680026,0.4153691868439198,0.27691279122927986,0.005301455750482771,0.010050314912119076,0.009373641601615149,-0.0020387159360480862
830.0,0.3055278673484055,0.41668327959095675,0.27778885306063783,0.0036120000624542724,0.010603345739793251,0.009483664277204098,-0.00024343942068359703
835.0,0.30335330099278435,0.4179880194043294,0.27865867960288626,0.001881726886243373,0.010881279761340009,0.009257859804137621,0.0015209404676553091
840.0,0.30119421191220214,0.4192834728526787,0.2795223152351191,0.00015413479841270167,0.0108850631587422,0.008711547115420323,0.0031930739361798383
845.0,0.29905048994858424,0.4205697060308495,0.28037980402056634,-0.0015285684746202896,0.010622325367299805,0.00787097631425153,0.004716202513704855
850.0,0.2969220257278962,0.4218467845632623,0.28123118970884153,-0.0031264627416220173,0.010107004095276713,0.0067721655856210605,0.006040053556169002
855.0,0.2948087106545629,0.42311477360726224,0.2820765157381748,-0.004602827969837876,0.009358826509120092,0.005459420261054952,0.007122465099625188
860.0,0.2927104369059283,0.424373737856443,0.28291582523762865,-0.005924952877640586,0.008402663333775118,0.003983593085860013,0.007930689863307057
865.0,0.29062709742675424,0.4256237415439475,0.2837491610292983,-0.007064822636269722,0.00726777525626647,0.002400152538807334,0.008442339610397066
870.0,0.2885585859237581,0.4268648484457452,0.28457656563049677,-0.007999672254141475,0.005986973110513195,0.0007671313331609598,0.008645944570308822
875.0,0.2865047968601901,0.4280971218838859,0.285398081255924,-0.008712395882845725,0.004595714826597012,-0.0008569701448620413,0.00854111671518876
880.0,0.28446562545044835,0.42932062472973104,0.2862137498198207,-0.009191806085237016,0.0031311630280378695,-0.0024152507628144217,0.008138319856610282
885.0,0.28244096765473287,0.4305354194071603,0.2870236129381069,-0.009432740946104582,0.0016312274510501214,-0.0038543739200165286,0.007458263285938841
890.0,0.2804307201737374,0.43174156789575757,0.28782771193050505,-0.009436020689698515,0.00013361605032643776,-0.005126364319159803,0.006530948549069765
895.0,0.27843478044337877,0.43293913173397275,0.2886260878226485,-0.009208259104867928,-0.001325082228903191,-0.006190176767221613,0.005394410490383812
900.0,0.2764530466295643,0.43412817202226145,0.2894187813481743,-0.008761538482879952,-0.002710261455104503,-0.007012986862826062,0.004093203545057602
905.0,0.2744854176229963,0.43530874942620224,0.2902058329508015,-0.008112959868352358,-0.003990089843404436,-0.007571164306582979,0.0026766920945797187
910.0,0.2725317930340126,0.43648092417959244,0.290987282786395,-0.007284083143090842,-0.005136210706687853,-0.007850901591591526,0.001197209296126607
915.0,0.27059207318746564,0.4376447560875206,0.2917631707250138,-0.006300273750008603,-0.006124338609037048,-0.007848483545522783,-0.0002918479951573535
920.0,0.26866615911763636,0.43880030452941815,0.2925335363529455,-0.005189974675902479,-0.006934739082359972,-0.007570196141268074,-0.0017379198312731067
925.0,0.26675395256318496,0.43994762846208896,0.293298418974726,-0.003983923616731202,-0.007552583444713424,-0.007031885709861295,-0.003091112584202894
930.0,0.26485535596213783,0.4410867864227173,0.29405785761514486,-0.002714336029520902,-0.0079681735540812,-0.006258191735207178,-0.004305894415949908
935.0,0.2629702724469096,0.4422178365318542,0.29481189102123617,-0.0014140750267811577,-0.008177034660246685,-0.005281487376337262,-0.0053426001432524935
940.0,0.2610986058393609,0.4433408364963834,0.29556055766425565,-0.00011582880107988295,-0.008179877797485111,-0.0041405713876657355,-0.006168696780675016
945.0,0.2592402606458915,0.4444558436124651,0.29630389574164345,0.0011486844995878729,-0.007982436313183398,-0.002879162887856952,-0.006759770530048113
950.0,0.257395142052568,0.4455629147684592,0.2970419431789728,0.002349465757974849,-0.007595184078619372,-0.0015442562282635688,-0.007100206639314572
955.0,0.25556315592028644,0.4466621064478281,0.29777473763188544,0.0034589207032649804,-0.0070329456114347965,-0.00018439687204499804,-0.007183544979406126
960.0,0.2537442087799692,0.44775347473201843,0.2985023164880123,0.0044524675500879725,-0.006314410696688285,0.0011520593666166574,-0.00701250596522222
965.0,0.25193820782779613,0.44883707530332234,0.2992247168688816,0.005309053790760995,-0.005461568076258651,0.0024186421590494792,-0.006598693154318074
970.0,0.2501450609204698,0.4499129634477181,0.2999419756318121,0.006011572051031706,-0.004499074346802982,0.0035723589425895323,-0.005961990084484024
975.0,0.24836467657051403,0.45098119405769155,0.30065412937179437,0.00654716767424117,-0.003453575337637081,0.004575129942448097,-0.005129679274837984
980.0,0.2465969639416065,0.4520418216350361,0.30136121442335745,0.0069074335554068535,-0.0023529979164873148,0.005395018941190526,-0.004135320469012962
985.0,0.24484183284394379,0.4530949002936337,0.3020632668624225,0.007088490632459085,-0.0012258303893052194,0.006007221015586415,-0.003017432848262192
990.0,0.2430991937296403,0.45414048376221583,0.3027603225081439,0.007090955285297031,-0.00010040942781072349,0.006394777856960218,-0.001818031850979969
995.0,0.2413689576881591,0.4551786253871045,0.30345241692473635,0.006919797626062005,0.0009957692064783354,0.006549001514062029,-0.0005810752337700686
1000.0,0.2396510364417758,0.4562093781349345,0.3041395854232897,0.006584097222289577,0.0020366999418082177,0.006469598069323932,0.0006491250008102803
1005.0,0.2379453423410745,0.4572327945953553,0.30482186306357023,0.006096705120697848,0.002998461914648778,0.006164493495122892,0.001829468229166085
1010.0,0.23625178836047603,0.4582489269837144,0.3054992846558096,0.005473823082905242,0.003859745718526069,0.00564937435750205,0.0029195538362152273
1015.0,0.23457028809379765,0.4592578271437214,0.306171884762481,0.004734512663289763,0.004602301399795606,0.004946965781275119,0.003883042207221998
1020.0,0.2329007557498447,0.46025954655009316,0.30683969770006214,0.003900148120576499,0.00521129895379525,0.004086077834724526,0.004688843039783428
1025.0,0.2312431061480334,0.46125413631117995,0.3075027575407867,0.0029938281353198678,0.005675594962758462,0.003100458948811947,0.005312092994496798
1030.0,0.22959725471404477,0.4622416471715731,0.3081610981143821,0.0020397618919610868,0.005987901493175018,0.0020275009210999418,0.005734892943600415
1035.0,0.22796311747551,0.463222129514694,0.308814753009796,0.0010626452733308674,0.006144855871864967,0.0009068442932085517,0.005946784182106829
1040.0,0.22634061105772565,0.4641956333653646,0.30946375557690975,8.70427138957106e-05,0.00614699242494074,-0.0002210646791242504,0.005944952596530894
1045.0,0.2247296526794001,0.46516220839235994,0.31010813892824,-0.0008632103183478122,0.005998619632776929,-0.0013164136681389062,0.005734159592135841
1050.0,0.22313016014842982,0.4661219039109421,0.3107479359406281,-0.0017655701679759937,0.005707608371809403,-0.0023414099904827505,0.0053264082120928645
1055.0,0.22154205185770615,0.4670747688853763,0.31138317925691755,-0.0025993003670516128,0.005285098930426743,-0.003261564866641269,0.004740362006241546
1060.0,0.2199652467809513,0.46802085193142917,0.3120139012876195,-0.0033459282620456423,0.004745136257712955,-0.004046833303482393,0.004000542513644269
1065.0,0.2183996644685847,0.46896020131884913,0.31264013421256615,-0.003989633371472144,0.0041042443938932634,-0.004672572699015949,0.0031363384377950405
1070.0,0.21684522504361808,0.4698928649738291,0.31326190998255277,-0.004517559892036351,0.003380952211479966,-0.005120290452476935,0.0021808654865263202
1075.0,0.21530184919758033,0.47081889048145176,0.3138792603209679,-0.004920047841148769,0.00259528344615908,-0.005378158933693412,0.0011697202422194517
1080.0,0.21376945818647108,0.4717383250881173,0.3144922167254116,-0.0051907794703145264,0.001768224504893712,-0.005441284820171245,0.0001396742003595741
1085.0,0.21224797382674304,0.47265121570395413,0.3151008104693028,-0.005326839752469869,0.0009211837027245487,-0.005311728731331544,-0.0008726447960552037
1090.0,0.21073731849131314,0.4735576089052121,0.31570507260347475,-0.005328691883112906,7.545540501046042e-05,-0.004998279957387726,-0.0018320370935507198
1095.0,0.20923741510560184,0.4744575509366389,0.31630503395775933,-0.005200070788661869,-0.000748297947812046,-0.004515999584845118,-0.0027059373251286543
1100.0,0.20774818714360085,0.47535108771383944,0.3169007251425597,-0.004947799557950687,-0.0015305337590766138,-0.0038855531705504166,-0.0034655013892892447
1105.0,0.20626955862396865,0.47623826482561876,0.31749217655041256,-0.004581535460780262,-0.0022532760430095866,-0.0031323610500235133,-0.0040865387149929405
1110.0,0.20480145410615389,0.47711912753630764,0.31807941835753845,-0.004113453753114639,-0.00290051126451691,-0.002285600159838154,-0.0045502604378801145
1115.0,0.20334379868654637,0.4779937207880721,0.3186624805253815,-0.003557878760239644,-0.0034585249978350144,-0.0013770957294322918,-0.004843821230492457
1120.0,0.20189651799465538,0.4788620892032068,0.31924139280213787,-0.002930872752243505,-0.003916172831204112,-0.0004401442265559874,-0.004960640272720918
1125.0,0.20045953818931547,0.4797242770864107,0.3198161847242738,-0.0022497938630628204,-0.004265080739205448,0.0004916895520844304,-0.00490049493225722
1130.0,0.19903278595491863,0.48058032842704884,0.3203868856180326,-0.0015328347450890584,-0.0044997720052926205,0.0013857583871034502,-0.004669388856785529
1135.0,0.19761618849767407,0.48143028690139555,0.3209535246009304,-0.0007985537935019445,-0.004617719656926859,0.002211460221410645,-0.004279204073067809
1140.0,0.19620967354189398,0.4822741958748636,0.3215161305832424,-6.541062302025934e-05,-0.004619325228048756,0.00294126906406427,-0.0037471540706889425
1145.0,0.19481316932630613,0.4831120984042163,0.3220747322694776,0.0006486829533866853,-0.004507826443827471,0.0035516350951627714,-0.003095061471719619
1150.0,0.19342660460039254,0.4839440372397645,0.322629358159843,0.0013267858905650926,-0.0042891380891811656,0.004023725202133139,-0.0023484895357513734
1155.0,0.19204990862075413,0.48477005482754754,0.32318003655169836,0.001953315203721557,-0.0039716318378721725,0.00434398141986714,-0.0015357612455259427
1160.0,0.19068301114750144,0.4855901933114991,0.3237267955409995,0.0025143891131861416,-0.0035658621502195325,0.004504481644048595,-0.0006869029289912803
1165.0,0.18932584244067105,0.4864044945355973,0.3242696630237316,0.0029981188863567013,-0.0030842464672423374,0.0045030942818451505,0.0001674487855568756
1170.0,0.1879783332566671,0.4872130000459997,0.32480866669733316,0.0033948436789729467,-0.0025407088158998776,0.004343425931705874,0.0009971374481603497
1175.0,0.18664041484472876,0.48801575109316275,0.32534383406210854,0.003697304233467375,-0.001950296578882739,0.0040345684802675814,0.0017735364190709486
1180.0,0.18531201894342234,0.4888127886339466,0.3258751924226311,0.0039007529053027325,-0.0013287805644869013,0.003590658915705842,0.0024705216504854826
1185.0,0.18399307777715854,0.48960415333370483,0.3264027688891366,0.004002999117831887,-0.0006922486353484992,0.0030302714487550637,0.003065335107823427
1190.0,0.18268352405273466,0.49038988556835916,0.32692659037890615,0.004004390951953935,-5.670302350514643e-05,0.002375666997480769,0.003539310879404272
1195.0,0.18138329095590106,0.4911700254264594,0.3274466836176396,0.003907735120063487,0.0005623289162356013,0.0016519295557681796,0.0038784414650152002
1200.0,0.1800923121479524,0.4919446127112285,0.32796307514081907,0.003718159018487883,0.0011501613662312218,0.0008860222934613246,0.004073767847249365
1205.0,0.17881052176234288,0.4927136869425942,0.3284757912950629,0.00344291986619559,0.0016932857813522224,0.0001057983361090872,0.0041215835049554774
1210.0,0.17753785440132586,0.4934772873592045,0.32898485823946966,0.0030911670915809712,0.00217966835359353,-0.0006609980024888912,0.004023449285487903
1215.0,0.17627424513261702,0.49423545292042975,0.3294903019469532,0.0026736650998349506,0.0025990030034062556,-0.0013877042122943937,0.00378602276968668
1220.0,0.17501962948608163,0.494988222308351,0.3299921482055674,0.0022024843222040523,0.002942914958408253,-0.002049653163412713,0.0034207122053753576
1225.0,0.17377394345044514,0.49573563392973286,0.330490422619822,0.0016906690021918278,0.0032051113286456563,-0.002624996454797859,0.002943171031224198
1230.0,0.17253712347002734,0.49647772591798356,0.3309851506119891,0.00115189050497126,0.0033814764859932535,-0.0030954105724513145,0.0023726542649417015
1235.0,0.1713091064414997,0.4972145361351002,0.33147635742340015,0.0006000950431158304,0.003470111467967937,-0.0034466636068184943,0.0017312624185359413
1240.0,0.17008982971066583,0.49794610217360047,0.33196406811573365,4.915459792564524e-05,0.003471318018208458,-0.0036690256702869113,0.0010431019935093783
1245.0,0.16887923106926478,0.49867246135844107,0.3324483075722941,-0.0004874705098750957,0.0033875292136606627,-0.0037575120211077147,0.0003333939030813951
1250.0,0.16767724875179707,0.4993936507489218,0.3329291004992812,-0.0009970494695323263,0.00322318988088397,-0.0037119540230708967,-0.0003724376897010991
1255.0,0.1664838214323736,0.5001097071405758,0.3334064714270506,-0.001467872021815465,0.0029845911426158067,-0.003536899229940417,-0.0010496636546144813
1260.0,0.16529888822158653,0.5008206670670481,0.3338804447113654,-0.0018895063245151001,0.002679664436126587,-0.0032413478626431326,-0.0016751040005555918
1265.0,0.16412238866340273,0.5015265668019584,0.33435104453463893,-0.002253018265037233,0.0023177411863802774,-0.0028383385392776197,-0.0022279087492614626
1270.0,0.1629542627320793,0.5022274423607525,0.3348182949071683,-0.002551147938288343,0.0019092849834649469,-0.0023444011350725906,-0.002690239733376652
1275.0,0.1617944508291011,0.5029233295025393,0.3352822196683596,-0.002778440177041863,0.0014656035937927823,-0.0017788989277368297,-0.0030478315268678956
1280.0,0.16064289378013982,0.5036142637319161,0.33574284248794406,-0.002931327234232451,0.0009985484216916778,-0.0011632855890294233,-0.00329041444395369
1285.0,0.15949953283203502,0.504300280300779,0.336200186867186,-0.0030081629412510623,0.000520209130626762,-0.0005203050153046392,-0.0034119877668710467
1290.0,0.15836430964979642,0.5049814142101221,0.3366542761400815,-0.0030092088729895107,4.261103461284282e-05,0.00012683661585177245,-0.003410936888381482
1295.0,0.1572371663136276,0.5056577002118234,0.33710513347454896,-0.002936574210080538,-0.00042257741179067804,0.0007552968452002197,-0.0032899936810423
1300.0,0.15611804531597107,0.5063291728104173,0.3375527818736116,-0.002794112074436733,-0.0008643201500952206,0.0013433919913882662,-0.00305604493193224
1305.0,0.15500688955857395,0.5069958662648556,0.33799724417657045,-0.0025872761013237835,-0.0012724658153734478,0.001871333999192466,-0.002719798916614841
1310.0,0.1539036423495749,0.507657814590255,0.33843854306017007,-0.0023229418784246674,-0.0016379712741603392,0.0023218844510271962,-0.0022953249520089205
1315.0,0.15280824740061175,0.508315051559633,0.3388767010397553,-0.002009198611813826,-0.001953091741694278,0.002680904569704746,-0.0017994849072751925
1320.0,0.15172064882394942,0.5089676107056303,0.33931174047042023,-0.00165511695649065,-0.0022115337666954076,0.002937784162277864,-0.001251279033062673
1325.0,0.15064079112962872,0.5096155253222228,0.33974368354814855,-0.0012704993652534185,-0.002408568385255566,0.003085737085476171,-0.0006711309902792628
1330.0,0.14956861922263506,0.5102588284664189,0.340172552310946,-0.0008656195585949361,-0.0025411027962919377,0.0031219557787799178,-8.013855024506122e-05
1335.0,0.14850407840008756,0.5108975529599474,0.340598368639965,-0.0004509577985885906,-0.002607709972618049,0.0030476225296307753,0.0005006829368254021
1340.0,0.147447114348448,0.5115317313909311,0.3410211542606208,-3.693856419135899e-05,-0.002608616667726757,0.0028677802233545535,0.0010511375493425985
1345.0,0.14639767314074986,0.51216139611555,0.3414409307437001,0.000366323019214975,-0.0025456512836951645,0.0025910702098537186,0.001552540796593654
1350.0,0.1453557012338466,0.512786579259692,0.3418577195064614,0.0007492600364263107,-0.0024221540067543364,0.002229349423060473,0.001988343276675037
1355.0,0.1443211454656803,0.5134073127205918,0.3422715418137279,0.0011030724935348405,-0.0022428524727893975,0.0017972028674356805,0.002344665566703159
1360.0,0.14329395305256898,0.5140236281684586,0.34268241877897243,0.0014199210979952475,-0.0020137069768105154,0.0013113709101451564,0.0026107274914799294
1365.0,0.1422740715865136,0.5146355570480918,0.34309037136539455,0.0016930920670593507,-0.0017417298727901592,0.0007901133854447185,0.00277915900043564
1370.0,0.14126144903252422,0.5152431305804854,0.3434954203869903,0.0019171297468995152,-0.0014347843110835378,0.0002525342556043203,0.0028461843255215
1375.0,0.1402560337259652,0.5158463797644208,0.34389758650961394,0.002087934703215034,-0.0011013678213848187,-0.00028210856244930706,0.002811675730689033
1380.0,0.13925777436991912,0.5164453353780485,0.34429689025203236,0.0022028258550988687,-0.0007503864649374535,-0.0007950836149162006,0.002679077829333945
1385.0,0.13826662003256965,0.5170400279804582,0.34469335198697215,0.002260566144220739,-0.000390925349316439,-0.0012688328668591256,0.0024552079749562057
1390.0,0.13728252014460293,0.5176304879132382,0.34508699194215886,0.002261352138172289,-3.2021224945988666e-05,-0.0016875631868160537,0.002149942466087983
1395.0,0.13630542449662753,0.5182167453020234,0.34547783020134903,0.0022067688383060175,0.00031755732952722674,-0.0020377627850607627,0.0017758021067917577
1400.0,0.1353352832366127,0.5187988300580324,0.34586588670535495,0.0020997117782466856,0.0006495169667439884,-0.0023086260988313106,0.0013474539047034083
1405.0,0.13437204686734494,0.519376771879593,0.34625118125306203,0.0019442792410611798,0.000956229166467668,-0.0024923741992686193,0.0008811482680565002
1410.0,0.1334156662439026,0.5199506002536585,0.346633733502439,0.001745638074769794,0.0012308982192410826,-0.0025844617519218556,0.0003941129052233192
1415.0,0.13246609257114847,0.5205203444573109,0.3470135629715406,0.001509867134056482,0.0014677040951761062,-0.0025836657481118287,-9.607431351159445e-05
1420.0,0.13152327740124015,0.5210860335592559,0.347390689039504,0.0012437828101866057,0.0016619174085408515,-0.002492055486035915,-0.0005721110218274032
1425.0,0.13058717263115835,0.5216476964213049,0.3477651309475367,0.0009547514238545018,0.0018099844503385691,-0.002314847466752948,-0.0010175725872443816
1430.0,0.12965773050025253,0.5222053616998484,0.34813690779989903,0.00065049344272594,0.0019095810507835074,-0.002060152835587584,-0.0014174702479719406
1435.0,0.12873490358780423,0.5227590578473175,0.34850603856487833,0.00033888454577453756,0.0019596348313484424,-0.0017386286094862003,-0.0017587465038202312
1440.0,0.12781864481060753,0.5233088131136354,0.348872542075757,2.7758492228603432e-05,0.001960316192134377,-0.0013630470663376104,-0.0020306917241114165
1445.0,0.1269089074205668,0.5238546555476599,0.3492364370317733,-0.0002752834308708282,0.001912999135784869,-0.0009478002334392694,-0.0022252690576823673
1450.0,0.12600564500231182,0.5243966129986128,0.3495977419990753,-0.0005630519039831274,0.0018201937364072085,-0.0005083583217230529,-0.0023373382376494917
1455.0,0.1251088114708294,0.5249347131175023,0.34995647541166824,-0.0008289339315073614,0.0016854527050189907,-6.070215725092669e-05,-0.002364772634823182
1460.0,0.1242183610691121,0.5254689833585328,0.3503126555723552,-0.0010670384631019502,0.001513255067980387,0.00037924986502861895,-0.0023084677907122637
1465.0,0.12333424836582386,0.5259994509805057,0.3506663006536705,-0.0012723202434810055,0.0013088704500727065,0.0007962000387756599,-0.0021722435150975396
1470.0,0.1224564282529819,0.5265261430482109,0.35101742869880725,-0.0014406794726741592,0.0010782078302399405,0.0011759955138333509,-0.001962645329192396
1475.0,0.12158485594365534,0.5270490864338068,0.3513660576225379,-0.0015690355188899864,0.000827652909094483,0.001506100695363911,-0.001688654446980197
1480.0,0.12071948696968016,0.5275683078181919,0.351712205212128,-0.0016553736107059523,0.0005638983894315249,0.0017760024045307514,-0.0013613185007375675
1485.0,0.11986027717939036,0.5280838336923658,0.35205588912824387,-0.0016987641268766365,0.00029377152329883446,0.0019775350345433264,-0.0009933177348291655
1490.0,0.11900718273536538,0.5285956903587807,0.3523971269058539,-0.0016993547834837216,2.4063223443372633e-05,0.00210511602910057,-0.0005984833369540347
1495.0,0.11816016011219342,0.5291039039326839,0.35273593595512265,-0.0016583366730531005,-0.00023863712238933086,0.0021558853755725763,-0.00019128589234594767
1500.0,0.11731916609425078,0.5296085003434495,0.3530723335622997,-0.0015778857233551163,-0.0004880972519752372,0.0021297463183570027,0.00021368739847754374
1505.0,0.11648415777349697,0.5301095053359018,0.35340633689060125,-0.0014610817010551245,-0.0007185845055767652,0.0020293080319819037,0.00060224811245882
1510.0,0.11565509254728551,0.5306069444716287,0.35373796298108584,-0.0013118073751171553,-0.0009249920618464831,0.0018597344239914605,0.0009610966504097351
1515.0,0.11483192811619032,0.5311008431302857,0.35406722875352387,-0.0011346308668041013,-0.0011029463004784562,0.0016285064461214183,0.0012782702659796244
1520.0,0.11401462248184759,0.5315912265108914,0.354394151007261,-0.0009346745393725985,-0.0012488931954849766,0.0013451081708286143,0.0015435342496286177
1525.0,0.11320313394481295,0.5320781196331122,0.35471874642207485,-0.0007174740155579611,-0.0013601622152487848,0.0010206493449351768,0.001748703764371837
1530.0,0.11239742110243399,0.5325615473385396,0.35504103155902644,-0.0004888310515029183,-0.0014350067989506484,0.0006674390860001852,0.00188788654286229
1535.0,0.11159744284673782,0.5330415342919573,0.3553610228613049,-0.0002546640411237026,-0.00147262107847777,0.0002985267823578729,0.0019576396527565382
1540.0,0.11080315836233387,0.5335181049825997,0.35567873665506644,-2.0859876599807667e-05,-0.0014731331056367927,-7.277294221970647e-05,0.001957036707628371
1545.0,0.11001452712433119,0.5339912837254013,0.3559941891502676,0.00020686924745929255,-0.0014375754122149746,-0.00043335414860581,0.00188764512870256
1550.0,0.10923150889627105,0.5344610946622373,0.35630739644149156,0.0004231207206661311,-0.0013678342619078783,-0.0007707757504502949,0.0017534162336234147
1555.0,0.10845406372807402,0.5349275617631556,0.35661837450877043,0.0006229250269874109,-0.0012665794363740874,-0.0010736842833789424,0.0015604939321257252
1560.0,0.10768215195400163,0.535390708827599,0.35692713921839936,0.0008018551758590712,-0.0011371768222183565,-0.0013321891463339143,0.0013169505429190972
1565.0,0.10691573419063266,0.5358505594856204,0.35723370632374696,0.0009561197724959914,-0.0009835864228068722,-0.0015381781675387015,0.0010324606211145405
1570.0,0.10615477133485376,0.5363071371990877,0.3575380914660585,0.0010826379103143048,-0.0008102487016412921,-0.0016855637124951696,0.0007179256255167543
1575.0,0.10539922456186433,0.5367604652628813,0.3578403101752543,0.0011790945644744213,-0.0006219623677322121,-0.001770452208288311,0.0003850637014356222
1580.0,0.10464905532319577,0.5372105668060825,0.3581403778707217,0.0012439756800015698,-0.0004237568352595204,-0.0017912328074659745,4.597976733603682e-05
1585.0,0.10390422534474456,0.5376574647931532,0.35843830986210223,0.0012765826676386575,-0.00022076262911120708,-0.001748583851492127,-0.00028726854770843164
1590.0,0.10316469662481963,0.5381011820251081,0.35873412135007215,0.001277026532666886,-1.8082966015887048e-05,-0.0016453987130728368,-0.0006030937646008717
1595.0,0.10243043143220343,0.5385417411406779,0.35902782742711864,0.001246202354073419,0.00017933037876041437,-0.0014866353962744265,-0.0008907755928800328
1600.0,0.10170139230422684,0.5389791646174639,0.3593194430783093,0.0011857452921690411,0.0003667940016718411,-0.0012790968574999655,-0.001140818756592583
1605.0,0.10097754204485786,0.5394134747730852,0.35960898318205686,0.0010979697216707376,0.0005399999390966741,-0.00103115129295034,-0.0013452598893812118
1610.0,0.10025884372280375,0.5398446937663177,0.3598964625108785,0.0009857934552892388,0.0006951105307525192,-0.0007524035455513603,-0.001497913828849858
1615.0,0.0995452606696269,0.5402728435982238,0.36018189573214926,0.0008526493324256145,0.0008288391002909483,-0.0004533302576693358,-0.001594551983273174
1620.0,0.09883675647787384,0.5406979461132757,0.36046529740885047,0.000702386692754113,0.0009385148778831908,-0.00014489239300635476,-0.0016330079928172235
1625.0,0.0981332949992179,0.5411200230004692,0.3607466820003129,0.0005391654310633483,0.0010221310196584423,0.00016186075272461473,-0.001613208568487253
1630.0,0.09743484034261468,0.5415390957944312,0.36102606386295416,0.00036734543535455475,0.001078375024820065,0.0004561819438304479,-0.001537130069002169
1635.0,0.09674135687247101,0.5419551858765174,0.36130345725101165,0.00019137424426724954,0.0011066413017800836,0.0007279971977045016,-0.0014086839742529517
1640.0,0.09605280920682677,0.542368314475904,0.3615788763172693,1.567572360110417e-05,0.0011070260785635264,0.0009682451511462781,-0.0012335368443066495
1645.0,0.09536916221554961,0.5427785026706702,0.3618523351137802,-0.00015545754210123438,0.0010803052793628971,0.0011691733685800544,-0.0010188725333245075
1650.0,0.09469038101854274,0.5431857713888744,0.3621238475925829,-0.0003179656138102446,0.0010278963885141654,0.0013245821214081706,-0.000773106287109606
1655.0,0.09401643098396516,0.5435901414096209,0.36239342760641396,-0.00046811401306934546,0.0009518056863112224,0.0014300082225880886,-0.0005055618329742872
1660.0,0.09334727772646485,0.543991633364121,0.36266108890941406,-0.0006025759569929789,0.0008545625601086084,0.0014828437709302235,-0.00022612362752864228
1665.0,0.09268288710542434,0.5443902677367454,0.36292684515783025,-0.0007185022984910484,0.0007391428625165096,0.0014823870610212997,5.512296602228259e-05
1670.0,0.09202322522321882,0.5447860648660687,0.3631907099107125,-0.00081357780622368,0.0006088835010271604,0.0014298253597805905,0.00032825065581506516
1675.0,0.09136825842348673,0.545179044945908,0.3634526966306053,-0.0008860627915910233,0.0004673905964980954,0.0013281516525348867,0.0005838357527800982
1680.0,0.09071795328941251,0.5455692280263525,0.36371281868423505,-0.0009348194766590688,0.0003184436394829711,0.0011820197366603012,0.0008132784035674332
1685.0,0.09007227664202176,0.5459566340147869,0.36397108934319133,-0.0009593228874639264,0.00016589810293666992,0.0009975441120846707,0.0010090868227768614
1690.0,0.0894311955384883,0.546341282676907,0.3642275217846047,-0.0009596564419538298,1.3588938352394717e-05,0.0007820529169373313,0.0011651163231721174
1695.0,0.0887946772704535,0.5467231936377278,0.3644821290918186,-0.0009364927716631426,-0.00013476270759703855,0.0005438036261115232,0.0012767557339064199
1700.0,0.08816268936235745,0.5471023863825855,0.36473492425505705,-0.0008910606624359564,-0.00027563736349260387,0.00029167232604894737,0.0013410558092717976
1705.0,0.08753519956978204,0.5474788802581307,0.3649859201720872,-0.0008250993143197524,-0.000405797692493185,3.4828070368866075e-05,0.001356796388496073
1710.0,0.08691217587780577,0.5478526944733165,0.3652351296488777,-0.0007408013973120877,-0.0005223597800380305,-0.00021759590737436524,0.001324491291583348
1715.0,0.0862935864993705,0.5482238481003777,0.3654825654002518,-0.0006407466122736479,-0.0006228537634815989,-0.00045682249583880666,0.0012463321474619207
1720.0,0.08567939987365944,0.5485923600758043,0.3657282400505362,-0.000527827650562961,-0.0007052726199425445,-0.0006747314488337474,0.0011260744713184891
1725.0,0.08506958466448702,0.5489582492013078,0.36597216613420525,-0.0004051705786552521,-0.0007681082518212095,-0.0008641304259400663,0.0009688712653983689
1730.0,0.0844641097587001,0.5493215341447799,0.36621435609652,-0.0002760517533838062,-0.0008103743445717758,-0.0010189874548374102,0.0007810611465113511
1735.0,0.08386294426459048,0.5496822334412457,0.3664548222941638,-0.00014381339904628428,-0.0008316158098670073,-0.0011346174906973483,0.0005699194482373962
1740.0,0.0832660575103189,0.5500403654938086,0.36669357699587246,-1.1779950338757194e-05,-0.0008319049608826678,-0.001207817522745649,0.00034338186183174423
1745.0,0.08267341904235002,0.55039594857459,0.36693063238306,0.00011682281292636995,-0.000811824887030571,-0.0012369466089525705,0.00010975093507230466
1750.0,0.0820849986238988,0.5507490008256607,0.36716600055044046,0.00023894393875714703,-0.0007724407956024866,-0.0012219492354602847,-0.00012260387584496886
1755.0,0.08150076623338763,0.5510995402599674,0.367399693506645,0.00035177705139196333,-0.0007152603606828211,-0.001164322425079569,-0.00034554191465589734
1760.0,0.08092069206291477,0.5514475847622511,0.3676317231748341,0.0004528221490333361,-0.000642184359433902,-0.001067028987428262,-0.00055143249083187
1765.0,0.08034474651673344,0.5517931520899599,0.36786210139330666,0.0005399381623384261,-0.0005554490775198232,-0.0009343611441551317,-0.0007334119377327474
1770.0,0.07977290020974187,0.5521362598741549,0.3680908399161033,0.000611385247527099,-0.0004575621251500959,-0.0007717604142748047,-0.000885608055749792
1775.0,0.07920512396598402,0.5524769256204096,0.36831795041360643,0.000665856068119552,-0.0003512334202652344,-0.0005856010530299885,-0.0010033247666647604
1780.0,0.078641388817161,0.5528151667097034,0.36854344447313564,0.0007024956098338118,-0.00023930316419570798,-0.000382945458726476,-0.001083181361931403
1785.0,0.07808166600115317,0.5531510003993081,0.3687673335995387,0.0007209093666565581,-0.00012466865732117653,-0.00017128076255958105,-0.0011232024473403022
1790.0,0.07752592696055255,0.5534844438236685,0.368989629215779,0.0007211600252817245,-1.0211778608822047e-05,4.1753724535687704e-05,-0.0011228565055105006
1795.0,0.07697414334120589,0.5538155139952764,0.36921034266351765,0.0007037530530339894,0.00010127111471252113,0.00024863842515333693,-0.0010830428497314462
1800.0,0.07642628699076807,0.5541442278055392,0.3694294852036928,0.0006696118545732423,0.00020713521978783274,0.0004422352234423076,-0.001006028562017985
1805.0,0.07588232995726563,0.5544706020256406,0.3696470680170938,0.0006200433992432806,0.00030494775149097776,0.000616030030380684,-0.0008953387315971448
1810.0,0.07534224448767067,0.5547946533073975,0.36986310220493174,0.0005566954287584785,0.0003925415135143789,0.0007643480797783556,-0.0007556048789418599
1815.0,0.07480600302648492,0.5551163981841091,0.37007759878940605,0.00048150652973856246,0.00046806046016290465,0.000882534985328964,-0.0005923778131411657
1820.0,0.07427357821433388,0.5554358530713996,0.37029056871426647,0.00039665049405534386,0.000529996359314537,0.0009670979459149858,-0.0004119122834753097
1825.0,0.07374494288657077,0.5557530342680576,0.3705020228453717,0.00030447648968159825,0.0005772159098673916,0.0010158030107575596,-0.00022093161590050974
1830.0,0.07322007007189076,0.5560679579568655,0.3707119719712437,0.00020744662438154708,0.000608977918836458,0.0010277259506207182,-2.6381048793773743e-05
1835.0,0.07269893299095474,0.5563806402054271,0.37092042680361814,0.00010807250382325551,0.0006249403976774708,0.001003255966239843,0.00016482131191799032
1840.0,0.07218150505502309,0.5566910969669862,0.37112739797799077,8.85236519312841e-06,0.000625157688100009,0.0009440531401025116,0.00034602711046516257
1845.0,0.07166775986459907,0.5569993440812405,0.3713328960541604,-8.778969122735112e-05,0.0006100679685568832,0.0008529621440018069,0.0005110855435243242
1850.0,0.07115767120808195,0.5573053972751508,0.37153693151676725,-0.00017956094429396566,0.0005804717181402777,0.0007338861974451179,0.0006545486640364061
1855.0,0.0706512130604296,0.5576092721637422,0.37173951477582823,-0.00026435246634603636,0.0005375019196899801,0.0005916265816280932,0.0007718474633133246
1860.0,0.07014835958183076,0.5579109842509016,0.37194065616726774,-0.00034028556280010335,0.00048258696408267645,0.00043169410803506905,0.0008594331832725094
1865.0,0.06964908511638661,0.5582105489301681,0.3721403659534454,-0.00040575126866212324,0.0004174073692157629,0.0002600997860615732,0.000914879654946638
1870.0,0.06915336419080186,0.5585079814855188,0.3723386543236793,-0.00045944213083782924,0.00034384754722156774,8.313250612623218e-05,0.0009369439219704505
1875.0,0.068661171513085,0.5588032970921489,0.37253553139476603,-0.0005003757156482353,0.00026394393989849095,-9.286816055887321e-05,0.0009255839345324994
1880.0,0.06817248197125796,0.5590965108172452,0.3727310072114969,-0.0005279094992751858,0.00017983089405413952,-0.00026173595075137365,0.0008819336352083597
1885.0,0.06768727063207479,0.559387637620755,0.3729250917471701,-0.000541747019407689,9.368566513504624e-05,-0.00041769088247021975,0.0008082372489656342
1890.0,0.06720551273974976,0.5596766923561501,0.37311779490410013,-0.0005419353836728147,7.673919746443685e-06,-0.0005555339675826017,0.0007077459840266041
1895.0,0.066727183714694,0.5599636897711836,0.3733091265141224,-0.000528854439287451,-7.610294315088021e-05,-0.0006708172196579026,0.0005845816012903622
1900.0,0.06625225915226167,0.560248644508643,0.3734990963390954,-0.0005031981038858229,-0.00015565741426671313,-0.0007599835232055848,0.0004435723768227498
1905.0,0.06578071482150472,0.5605315711070972,0.3736877140713981,-0.0004659485352525402,-0.0002291613108198333,-0.0008204721093925707,0.00029006783106328695
1910.0,0.06531252666393665,0.560812484001638,0.37387498933442537,-0.0004183439738708062,-0.00029498603399546276,-0.0008507866859904087,0.00012973920480412502
1915.0,0.064847670792305,0.561091397524617,0.374060931683078,-0.00036184122356600843,-0.0003517368075987936,-0.0008505246471178805,-3.162699031647458e-05
1920.0,0.0643861234893726,0.5613683259063764,0.374245550604251,-0.0002980738395696833,-0.00039828022943744597,-0.0008203671912312467,-0.0001883349366331903
1925.0,0.06392786120670757,0.5616432832759755,0.37442885551731697,-0.0002288071682709912,-0.0004337646494671365,-0.0007620315538999646,-0.00033497776030639806
1930.0,0.0634728605634818,0.5619162836619109,0.3746108557746073,-0.00015589142774784907,-0.00045763307798984325,-0.0006781878672880093,-0.00046662126605869067
1935.0,0.06302109834527804,0.5621873409928332,0.3747915606618888,-8.121403262897027e-05,-0.0004696285183800582,-0.0005723443466450714,-0.0005789670163892857
1940.0,0.06257255150290554,0.5624564690982566,0.37497097939883783,-6.6523514326477465e-06,-0.00046979180719859865,-0.00044870553629048856,-0.0006684894759770178
1945.0,0.06212719715122401,0.5627236817092656,0.3751491211395104,6.597195952344331e-05,-0.0004584522256030654,-0.0003120091906909041,-0.0007325429697749411
1950.0,0.061685012567976046,0.5629889924592143,0.3753259949728096,0.00013493597236007306,-0.00043621131545481585,-0.00016734799480503043,-0.0007694353579694997
1955.0,0.06124597519262781,0.5632524148844233,0.3755016099229489,0.00019865487582749648,-0.0004039204876313954,-1.9982724511823992e-05,-0.0007784665691438168
1960.0,0.06081006262521797,0.5635139624248692,0.37567597494991284,0.00025571687360562313,-0.0003626531454422691,0.00012484639619451547,-0.0007599314092828854
1965.0,0.060377252625214865,0.5637736484248711,0.3758490989499141,0.0003049128650360766,-0.0003136721599279369,0.00026210346965732423,-0.0007150873329813086
1970.0,0.05994752311038171,0.564031486133771,0.37602099075584733,0.0003452603288067539,-0.00025839362401663897,0.0003871294768474932,-0.0006460890799240751
1975.0,0.0595208521556501,0.5642874887066099,0.37619165913774,0.0003760209883159438,-0.0001983478774785452,0.0004957977878463976,-0.0005558932027765281
1980.0,0.0590972179920012,0.5645416692047993,0.37636111280319956,0.00039671200150404544,-0.00013513883347511464,0.0005846475379014988,-0.0004481365046159827
1985.0,0.05867659900535515,0.5647940405967868,0.37652936039785795,0.0004071105836760944,-7.040265003564376e-05,0.0006509906665161245,-0.0003269932329709988
1990.0,0.058258973735468345,0.5650446157587189,0.37669641050581265,0.0004072521351441633,-5.76677643833309e-06,0.0006929894353019302,-0.00019701651784514459
1995.0,0.057844320874838456,0.5652934074750969,0.37686227165006464,0.00039742210246658153,5.7189633714087185e-05,0.0007097023481561045,-6.296997442686945e-05
2000.0,0.05743261926761735,0.5655404284394295,0.3770269522929531,0.00037814194898873435,0.00011697301232024929,0.0007010975538128291,7.034439316171563e-05
